Comune,Conteggio,Provincia
MILANO,9974,MI
BRESCIA,2222,BS
BERGAMO,1680,BG
CREMONA,1517,CR
MONZA,1092,MB
LODI,743,LO
CINISELLO BALSAMO,634,MI
LEGNANO,593,MI
PAVIA,556,PV
VIGEVANO,547,PV
COLOGNO MONZESE,534,MI
CREMA,522,CR
SESTO SAN GIOVANNI,501,MI
COMO,485,CO
VOGHERA,468,PV
RHO,447,MI
LECCO,437,LC
PADERNO DUGNANO,425,MI
BUSTO ARSIZIO,390,VA
CODOGNO,390,LO
CANTU',374,CO
ALBINO,342,BG
MANTOVA,324,MN
TREVIGLIO,323,BG
VARESE,318,VA
ABBIATEGRASSO,315,MI
BRESSO,312,MI
SERIATE,307,BG
DESIO,306,MB
DALMINE,300,BG
DESENZANO DEL GARDA,295,BS
PIOLTELLO,287,MI
CASALPUSTERLENGO,281,LO
CASTIGLIONE DELLE STIVIERE,276,MN
NEMBRO,275,BG
MONTICHIARI,275,BS
MELEGNANO,274,MI
SAN GIULIANO MILANESE,273,MI
ERBA,270,CO
GARBAGNATE MILANESE,267,MI
CERNUSCO SUL NAVIGLIO,265,MI
CASTELLEONE,262,CR
SEREGNO,260,MB
SORESINA,257,CR
CHIARI,257,BS
BRUGHERIO,254,MB
GALLARATE,252,VA
CASALMAGGIORE,251,CR
LISSONE,251,MB
CASTIGLIONE D'ADDA,244,LO
ALZANO LOMBARDO,242,BG
VIADANA,242,MN
SARONNO,239,VA
SEGRATE,237,MI
CORSICO,235,MI
VIMERCATE,233,MB
ROZZANO,220,MI
ORZINUOVI,218,BS
LUMEZZANE,217,BS
PALAZZOLO SULL'OGLIO,217,BS
CESANO MADERNO,216,MB
DARFO BOARIO TERME,211,BS
BOLLATE,210,MI
GUSSAGO,210,BS
SONDRIO,210,SO
VIMODRONE,208,MI
MANERBIO,206,BS
GHEDI,201,BS
LAVENO-MOMBELLO,200,VA
ALBESE CON CASSANO,199,CO
ROMANO DI LOMBARDIA,197,BG
CESANO BOSCONE,191,MI
LIMBIATE,191,MB
CARPENEDOLO,190,BS
ROVATO,189,BS
MERATE,188,LC
MELZO,186,MI
TREZZO SULL'ADDA,184,MI
GIUSSANO,182,MB
CONCESIO,182,BS
PARABIAGO,181,MI
SAN COLOMBANO AL LAMBRO,178,MI
CLUSONE,176,BG
CARATE BRIANZA,176,MB
BAGNOLO MELLA,176,BS
REZZATO,175,BS
SAN DONATO MILANESE,174,MI
CASSANO D'ADDA,174,MI
ZOGNO,173,BG
SANT'ANGELO LODIGIANO,169,LO
CASTENEDOLO,167,BS
MORTARA,167,PV
VEROLANUOVA,166,BS
GORGONZOLA,165,MI
MAGENTA,164,MI
OSPITALETTO,160,BS
CASALBUTTANO ED UNITI,159,CR
STEZZANO,159,BG
LAINATE,159,MI
MORBEGNO,158,SO
LONATO DEL GARDA,157,BS
CARAVAGGIO,155,BG
VILLA CARCINA,154,BS
TRAVAGLIATO,154,BS
CORMANO,153,MI
PONTE SAN PIETRO,153,BG
MALNATE,152,VA
OSIO SOTTO,150,BG
LENO,148,BS
TREVIOLO,148,BG
CALOLZIOCORTE,148,LC
PIZZIGHETTONE,147,CR
PISOGNE,147,BS
BORGHETTO LODIGIANO,147,LO
BORGOSATOLLO,147,BS
PONTEVICO,147,BS
VITTUONE,147,MI
MEDIGLIA,146,MI
SCANZOROSCIATE,145,BG
BESANA IN BRIANZA,145,MB
NOVA MILANESE,144,MB
GARDONE VAL TROMPIA,143,BS
STRADELLA,143,PV
GAVARDO,142,BS
VOLTA MANTOVANA,142,MN
SUZZARA,140,MN
ARESE,140,MI
BORGO VIRGILIO,139,MN
GALBIATE,138,LC
SETTIMO MILANESE,137,MI
TORRE BOLDONE,133,BG
NOVATE MILANESE,132,MI
NAVE,131,BS
ESINE,131,BS
CASTELVERDE,129,CR
BELGIOIOSO,129,PV
GAZZANIGA,127,BG
CAZZAGO SAN MARTINO,127,BS
CUSANO MILANINO,126,MI
BINASCO,126,MI
ISEO,125,BS
SOSPIRO,125,CR
CASTEL GOFFREDO,125,MN
CAPRIOLO,125,BS
MARIANO COMENSE,124,CO
MARTINENGO,124,BG
BRENO,123,BS
ASOLA,123,MN
CARUGATE,123,MI
CERTOSA DI PAVIA,122,PV
RODENGO-SAIANO,121,BS
TRADATE,121,VA
CILAVEGNA,120,PV
COCQUIO-TREVISAGO,119,VA
CESATE,118,MI
CERRO MAGGIORE,117,MI
TIRANO,117,SO
ARCORE,116,MB
SALO',116,BS
CAPRIATE SAN GERVASIO,115,BG
INZAGO,115,MI
COCCAGLIO,115,BS
BREMBATE DI SOPRA,115,BG
RONCADELLE,114,BS
GRUMELLO DEL MONTE,114,BG
BOTTICINO,114,BS
GARLASCO,113,PV
BRONI,113,PV
CASTELLI CALEPIO,113,BG
MUGGIO',112,MB
URGNANO,110,BG
SAN BASSANO,110,CR
SAREZZO,109,BS
CASATENOVO,108,LC
VESCOVATO,108,CR
CONCOREZZO,108,MB
RIVOLTA D'ADDA,107,CR
PANDINO,106,CR
CORBETTA,106,MI
PAULLO,106,MI
CENTRO VALLE INTELVI,106,CO
COLOGNO AL SERIO,106,BG
PIANCOGNO,105,BS
VILLA DI SERIO,104,BG
CASTEL MELLA,103,BS
CALUSCO D'ADDA,103,BG
CASSINA DE' PECCHI,103,MI
VESTONE,102,BS
PONTOGLIO,102,BS
CAVA MANARA,101,PV
AROSIO,101,CO
OFFANENGO,100,CR
DUBINO,100,SO
TRESCORE BALNEARIO,99,BG
PESSANO CON BORNAGO,99,MI
CORNAREDO,99,MI
VERTOVA,99,BG
MARCARIA,99,MN
BEDIZZOLE,98,BS
PROVAGLIO D'ISEO,97,BS
ADRO,97,BS
BIASSONO,97,MB
SENAGO,97,MI
PESCHIERA BORROMEO,96,MI
VANZAGO,96,MI
CARONNO PERTUSELLA,95,VA
TREZZANO SUL NAVIGLIO,95,MI
CALVISANO,95,BS
VERDELLO,94,BG
ZANICA,94,BG
MEDA,93,MB
MALONNO,93,BS
VOBARNO,92,BS
MALEO,92,LO
COSTA VOLPINO,92,BG
GOTTOLENGO,91,BS
GAMBOLO',91,PV
AGRATE BRIANZA,91,MB
EDOLO,91,BS
SORISOLE,91,BG
BAREGGIO,91,MI
MOZZO,91,BG
SONCINO,90,CR
BONATE SOPRA,90,BG
BUSNAGO,90,MB
BORGO SAN GIACOMO,89,BS
CALCINATO,89,BS
PONTERANICA,89,BG
TOSCOLANO-MADERNO,88,BS
MAZZANO,88,BS
OLGIATE MOLGORA,88,LC
CINGIA DE' BOTTI,87,CR
SOMMA LOMBARDO,87,VA
SOVERE,87,BG
PASSIRANO,87,BS
BIENNO,86,BS
BUCCINASCO,86,MI
CASTEGNATO,85,BS
PORLEZZA,85,CO
ALBUZZANO,85,PV
AZZANO SAN PAOLO,85,BG
ROBECCO D'OGLIO,84,CR
RIVANAZZANO TERME,84,PV
CANNETO SULL'OGLIO,84,MN
SAN GIOVANNI BIANCO,84,BG
SAN VITTORE OLONA,83,MI
PIEVE EMANUELE,83,MI
ARTOGNE,83,BS
VILLA D'ALME',82,BG
SEVESO,82,MB
VIDIGULFO,82,PV
GORLA MINORE,82,VA
CURNO,82,BG
SERMIDE E FELONICA,81,MN
GRASSOBBIO,81,BG
GANDINO,81,BG
TRIGOLO,81,CR
ERBUSCO,81,BS
LODI VECCHIO,81,LO
VALMADRERA,81,LC
VAL BREMBILLA,80,BG
GUIDIZZOLO,80,MN
VILLA CORTESE,80,MI
CURTATONE,80,MN
BOVEZZO,80,BS
ALBANO SANT'ALESSANDRO,80,BG
BEREGAZZO CON FIGLIARO,80,CO
VERDELLINO,79,BG
OGGIONO,79,LC
BORNO,79,BS
ROVETTA,78,BG
BERNAREGGIO,78,MB
GORLE,78,BG
SAN PAOLO,78,BS
SAN PELLEGRINO TERME,77,BG
PALADINA,77,BG
SEDRIANO,76,MI
NERVIANO,76,MI
VILLANUOVA SUL CLISI,76,BS
VILLASANTA,76,MB
CHIGNOLO PO,75,PV
VIGGIU',75,VA
CASTELLANZA,75,VA
COLOGNE,75,BS
CORTE FRANCA,75,BS
BUSTO GAROLFO,74,MI
PERSICO DOSIMO,74,CR
CANZO,74,CO
QUINZANO D'OGLIO,73,BS
MAPELLO,73,BG
GAVIRATE,73,VA
LEFFE,72,BG
DORNO,72,PV
CASTREZZATO,72,BS
PALOSCO,72,BG
TERNO D'ISOLA,72,BG
CASTIONE DELLA PRESOLANA,71,BG
BAGOLINO,71,BS
BREMBATE,71,BG
MONTIRONE,71,BS
TURBIGO,71,MI
PRADALUNGA,70,BG
OSTIANO,70,CR
BRIGNANO GERA D'ADDA,70,BG
GORLAGO,70,BG
CIVIDATE AL PIANO,70,BG
GOITO,70,MN
VAREDO,69,MB
ALME',69,BG
BOVISIO-MASCIAGO,69,MB
BUSSERO,69,MI
SOLARO,69,MI
PARATICO,69,BS
PADENGHE SUL GARDA,68,BS
SCHIVENOGLIA,68,MN
LIVRAGA,68,LO
PERO,68,MI
TORBOLE CASAGLIA,68,BS
DONGO,67,CO
BRIVIO,67,LC
CASTEGGIO,67,PV
CAVENAGO DI BRIANZA,67,MB
TEGLIO,67,SO
VILLA D'ADDA,67,BG
MONTICELLI BRUSATI,66,BS
CASAZZA,66,BG
CASORATE PRIMO,65,PV
FLERO,65,BS
CHIAVENNA,65,SO
SARNICO,65,BG
SPIRANO,65,BG
RODIGO,65,MN
SOLFERINO,65,MN
LOVERE,65,BG
RANICA,65,BG
BELLUSCO,64,MB
BARANZATE,64,MI
VAPRIO D'ADDA,64,MI
SAN BENEDETTO PO,64,MN
SABBIO CHIESE,64,BS
LONATE POZZOLO,63,VA
ARLUNO,63,MI
CORNATE D'ADDA,63,MB
PEGOGNAGA,63,MN
PEDRENGO,63,BG
BOLGARE,62,BG
LOCATE DI TRIULZI,62,MI
CASSOLNOVO,62,PV
CALVENZANO,62,BG
CASTELCOVATI,61,BS
MARCIGNAGO,61,PV
CAPO DI PONTE,61,BS
VALBREMBO,61,BG
INVERIGO,61,CO
ALMENNO SAN SALVATORE,61,BG
ALMENNO SAN BARTOLOMEO,61,BG
GESSATE,61,MI
VAILATE,61,CR
INVERUNO,60,MI
SAN PAOLO D'ARGON,60,BG
ROBBIO,60,PV
NUVOLERA,60,BS
SAN MARTINO IN STRADA,60,LO
SAN ROCCO AL PORTO,60,LO
BERBENNO DI VALTELLINA,60,SO
TAVERNERIO,60,CO
SIRMIONE,59,BS
ISORELLA,59,BS
SERGNANO,59,CR
POGLIANO MILANESE,59,MI
CHIUDUNO,59,BG
BERZO INFERIORE,58,BS
ARCENE,58,BG
PRALBOINO,58,BS
CAPRIANO DEL COLLE,58,BS
VERGIATE,58,VA
CENE,58,BG
CASSANO MAGNAGO,57,VA
OPERA,57,MI
MESERO,57,MI
CISANO BERGAMASCO,57,BG
CASNIGO,57,BG
TAVAZZANO CON VILLAVESCO,57,LO
POZZUOLO MARTESANA,57,MI
LESMO,57,MB
CASEI GEROLA,56,PV
CIVATE,56,LC
CISERANO,56,BG
ANNICCO,56,CR
MONTICELLO BRIANZA,56,LC
CASALMORANO,56,CR
TURATE,56,CO
BRUSAPORTO,56,BG
OSIO SOPRA,56,BG
CALCINATE,55,BG
VILLONGO,55,BG
VARZI,55,PV
VIGNATE,55,MI
PIADENA DRIZZONA,55,CR
PRESEZZO,55,BG
BELLAGIO,54,CO
FIORANO AL SERIO,54,BG
PIAN CAMUNO,54,BS
BONATE SOTTO,54,BG
TRENZANO,54,BS
OLGINATE,54,LC
VEDANO AL LAMBRO,54,MB
PORTO MANTOVANO,54,MN
GRAVEDONA ED UNITI,53,CO
CERMENATE,53,CO
VERDERIO,53,LC
ROMANENGO,53,CR
TELGATE,53,BG
SOTTO IL MONTE GIOVANNI XXIII,52,BG
APPIANO GENTILE,52,CO
POZZO D'ADDA,52,MI
FINO MORNASCO,52,CO
BOLTIERE,52,BG
LENTATE SUL SEVESO,52,MB
DELLO,52,BS
SABBIONETA,52,MN
ALBAVILLA,51,CO
CARNATE,51,MB
CANEGRATE,51,MI
FARA GERA D'ADDA,50,BG
PONTIROLO NUOVO,50,BG
SORDIO,50,LO
RIPALTA CREMASCA,50,CR
TREMEZZINA,50,CO
TALAMONA,50,SO
BAGNOLO CREMASCO,50,CR
SERRAVALLE A PO,49,MN
PANTIGLIATE,49,MI
RIVAROLO MANTOVANO,49,MN
VIZZOLO PREDABISSI,49,MI
LEVATE,48,BG
PERLEDO,48,LC
PONCARALE,48,BS
BAGNATICA,48,BG
SANNAZZARO DE' BURGONDI,48,PV
CIVIDATE CAMUNO,48,BS
CERVESINA,48,PV
BOTTANUCO,47,BG
ROGNO,47,BG
CANONICA D'ADDA,47,BG
URAGO D'OGLIO,46,BS
LOGRATO,46,BS
PARRE,46,BG
RESCALDINA,46,MI
ROBBIATE,46,LC
MULAZZANO,46,LO
MARCHENO,46,BS
SAN GIOVANNI IN CROCE,46,CR
AGNADELLO,45,CR
GHISALBA,45,BG
CARDANO AL CAMPO,45,VA
ROCCAFRANCA,45,BS
MONTODINE,45,CR
OLGIATE COMASCO,45,CO
CALCIO,45,BG
LAZZATE,44,MB
MOGLIA,44,MN
CASELLE LURANI,44,LO
BARBARIGA,44,BS
GONZAGA,44,MN
COVO,44,BG
COLLEBEATO,44,BS
BARLASSINA,44,MB
MARONE,43,BS
ZELO BUON PERSICO,43,LO
BAGNOLO SAN VITO,43,MN
ARDENNO,43,SO
ALZATE BRIANZA,43,CO
OLGIATE OLONA,43,VA
CASTANO PRIMO,42,MI
ENDINE GAIANO,42,BG
BELLANO,42,LC
PIAZZA BREMBANA,42,BG
SAN ZENO NAVIGLIO,42,BS
PAVONE DEL MELLA,42,BS
DOSOLO,41,MN
GUSSOLA,41,CR
POMPIANO,41,BS
ARDESIO,41,BG
GROPELLO CAIROLI,41,PV
CAMPOSPINOSO,41,PV
ALFIANELLO,41,BS
GIANICO,41,BS
CALCO,41,LC
CARVICO,41,BG
SOMAGLIA,41,LO
MISSAGLIA,41,LC
USMATE VELATE,41,MB
BONEMERSE,41,CR
VERANO BRIANZA,40,MB
CAPIAGO INTIMIANO,40,CO
ARCONATE,40,MI
BOZZOLO,40,MN
VAIANO CREMASCO,40,CR
OME,40,BS
CORTE DE' FRATI,39,CR
MANDELLO DEL LARIO,39,LC
VEROLAVECCHIA,39,BS
BALLABIO,39,LC
SERLE,39,BS
CERNUSCO LOMBARDONE,39,LC
CELLATICA,39,BS
CURA CARPIGNANO,39,PV
MADONE,38,BG
DIZZASCO,38,CO
SCANDOLARA RAVARA,38,CR
LALLIO,38,BG
SESTO ED UNITI,38,CR
FOMBIO,38,LO
CASTEL ROZZONE,38,BG
VILLA D'OGNA,38,BG
ANGOLO TERME,38,BS
ACQUANEGRA CREMONESE,38,CR
ALBONESE,38,PV
ACQUANEGRA SUL CHIESE,38,MN
COMEZZANO-CIZZAGO,38,BS
MANERBA DEL GARDA,38,BS
ZAVATTARELLO,38,PV
TRUCCAZZANO,38,MI
CAPONAGO,37,MB
COLZATE,37,BG
SAN ZENONE AL LAMBRO,37,MI
SOLBIATE CON CAGNO,37,CO
BASIGLIO,37,MI
VILLANTERIO,37,PV
PIEVE PORTO MORONE,37,PV
SALE MARASINO,37,BS
CASTELGERUNDO,37,LO
PIANENGO,37,CR
INTROBIO,37,LC
POGGIO RUSCO,37,MN
BORGO MANTOVANO,37,MN
SALA COMACINA,36,CO
CASTELNUOVO BOCCA D'ADDA,36,LO
BREMBIO,36,LO
SUELLO,36,LC
COMUN NUOVO,36,BG
FRASCAROLO,36,PV
SETTALA,36,MI
OFFLAGA,36,BS
SEDRINA,36,BG
REMEDELLO,36,BS
MALEGNO,36,BS
CAPRINO BERGAMASCO,36,BG
ORIGGIO,35,VA
CORNEGLIANO LAUDENSE,35,LO
VEDUGGIO CON COLZANO,35,MB
VELLEZZO BELLINI,35,PV
CASIRATE D'ADDA,35,BG
PADERNO FRANCIACORTA,35,BS
MENCONICO,35,PV
GAMBARA,35,BS
SAN GIORGIO BIGARELLO,35,MN
SUISIO,35,BG
BORMIO,35,SO
MARCALLO CON CASONE,35,MI
LIPOMO,35,CO
ROE' VOLCIANO,34,BS
BARIANO,34,BG
TRESCORE CREMASCO,34,CR
CAROBBIO DEGLI ANGELI,34,BG
GUARDAMIGLIO,34,LO
CAVRIANA,34,MN
PREGNANA MILANESE,34,MI
SPINADESCO,34,CR
LIVIGNO,34,SO
MASSALENGO,34,LO
CISLAGO,34,VA
MACHERIO,34,MB
SPINO D'ADDA,34,CR
VALFURVA,34,SO
CASALETTO VAPRIO,34,CR
ALTA VALLE INTELVI,34,CO
CASALOLDO,34,MN
GORNO,34,BG
FILAGO,33,BG
MAGNAGO,33,MI
VILLA GUARDIA,33,CO
COSTA MASNAGA,33,LC
FORESTO SPARSO,33,BG
SAN GIORGIO SU LEGNANO,33,MI
VALLE LOMELLINA,33,PV
ZEME,33,PV
CENATE SOTTO,33,BG
SAMARATE,33,VA
CUGGIONO,33,MI
ASSAGO,33,MI
ISOLA DOVARESE,32,CR
COGLIATE,32,MB
FERNO,32,VA
FAGNANO OLONA,32,VA
OSTIGLIA,32,MN
SONDALO,32,SO
FORNOVO SAN GIOVANNI,32,BG
RUDIANO,32,BS
VALDIDENTRO,32,SO
FONTANELLA,32,BG
LACCHIARELLA,32,MI
PREVALLE,32,BS
SAN MARTINO SICCOMARIO,32,PV
CETO,32,BS
TRIUGGIO,32,MB
MERONE,31,CO
MISANO DI GERA D'ADDA,31,BG
COLICO,31,LC
SAN FIORANO,31,LO
GODIASCO,31,PV
CIGOLE,31,BS
SECUGNAGO,31,LO
CASALMAIOCCO,31,LO
GROMO,31,BG
SANTO STEFANO LODIGIANO,31,LO
TAVERNOLA BERGAMASCA,31,BG
MONTELLO,31,BG
BASIANO,31,MI
PEZZAZE,31,BS
PONTIDA,31,BG
LA VALLETTA BRIANZA,31,LC
LUINO,31,VA
SAN FERMO DELLA BATTAGLIA,31,CO
OSSONA,31,MI
TEMU',31,BS
LISCATE,31,MI
MADIGNANO,31,CR
CIGOGNOLA,31,PV
GAGGIANO,31,MI
MIRADOLO TERME,30,PV
DOVERA,30,CR
MORNICO AL SERIO,30,BG
CASSAGO BRIANZA,30,LC
SIZIANO,30,PV
DRESANO,30,MI
AZZANO MELLA,30,BS
PIARIO,30,BG
LURANO,30,BG
SERINA,30,BG
CHIGNOLO D'ISOLA,30,BG
LANDRIANO,30,PV
VALBONDIONE,29,BG
ROBECCO SUL NAVIGLIO,29,MI
BERZO DEMO,29,BS
PALAZZAGO,29,BG
RONCELLO,29,MB
PONTE NOSSA,29,BG
PINAROLO PO,29,PV
GERRE DE' CAPRIOLI,29,CR
ORZIVECCHI,29,BS
MEZZAGO,29,MB
PADERNO D'ADDA,29,LC
MALAGNINO,29,CR
SANT'OMOBONO TERME,29,BG
PREMANA,29,LC
RENATE,28,MB
MORENGO,28,BG
MALGRATE,28,LC
MARTIGNANA DI PO,28,CR
ASSO,28,CO
SANTO STEFANO TICINO,28,MI
CASOREZZO,28,MI
OSNAGO,28,LC
COMERIO,28,VA
ROVELLASCA,28,CO
GERENZANO,28,VA
CADORAGO,28,CO
VERCURAGO,28,LC
ARCISATE,28,VA
MOZZATE,28,CO
ORNAGO,28,MB
PREDORE,28,BG
GRAFFIGNANA,28,LO
ZANDOBBIO,27,BG
LOMAZZO,27,CO
GRUMELLO CREMONESE ED UNITI,27,CR
BRIOSCO,27,MB
VEZZA D'OGLIO,27,BS
BERBENNO,27,BG
BRESSANA BOTTARONE,27,PV
VALMOREA,27,CO
CASALMORO,27,MN
RODENGO SAIANO,27,BS
LOMAGNA,27,LC
CORZANO,27,BS
BASSANO BRESCIANO,27,BS
BERLINGO,27,BS
STAGNO LOMBARDO,27,CR
CERNOBBIO,27,CO
COSIO VALTELLINO,27,SO
TRAVACO' SICCOMARIO,27,PV
CAPERGNANICA,26,CR
GROSIO,26,SO
GADESCO PIEVE DELMONA,26,CR
ROVERBELLA,26,MN
SOVICO,26,MB
GIUSSAGO,26,PV
GARDONE RIVIERA,26,BS
CASNATE CON BERNATE,26,CO
CORTENO GOLGI,26,BS
NUVOLENTO,26,BS
PADERNO PONCHIELLI,26,CR
SENIGA,26,BS
CESANA BRIANZA,26,LC
CAVENAGO D'ADDA,26,LO
VALDISOTTO,25,SO
SOLAROLO RAINERIO,25,CR
RIVAROLO DEL RE ED UNITI,25,CR
PUEGNAGO SUL GARDA,25,BS
POMPONESCO,25,MN
CAMBIAGO,25,MI
SAN FELICE DEL BENACO,25,BS
TURANO LODIGIANO,25,LO
CERIANO LAGHETTO,25,MB
CASELLE LANDI,25,LO
MEDE,25,PV
SALERANO SUL LAMBRO,25,LO
BARZANO',25,LC
COSTA DI MEZZATE,25,BG
CREDARO,25,BG
FIGINO SERENZA,25,CO
AGNOSINE,25,BS
CAZZANO SANT'ANDREA,24,BG
MOZZANICA,24,BG
SAN DANIELE PO,24,CR
POZZAGLIO ED UNITI,24,CR
IZANO,24,CR
TREZZANO ROSA,24,MI
ACQUAFREDDA,24,BS
SANTA CRISTINA E BISSONE,24,PV
ALBIATE,24,MB
PONTE DI LEGNO,24,BS
LODRINO,24,BS
POZZOLENGO,24,BS
ROSATE,24,MI
CERVIGNANO D'ADDA,24,LO
RONCO BRIANTINO,24,MB
SAN MARTINO DALL'ARGINE,23,MN
COLERE,23,BG
PEIA,23,BG
CASTIRAGA VIDARDO,23,LO
OSPEDALETTO LODIGIANO,23,LO
FIESCO,23,CR
FERRERA ERBOGNONE,23,PV
ODOLO,23,BS
CENATE SOPRA,23,BG
PALAZZO PIGNANO,23,CR
VISANO,23,BS
CASARILE,23,MI
AMBIVERE,23,BG
PIEVE D'OLMI,23,CR
OSSIMO,23,BS
BESOZZO,23,VA
TORREVECCHIA PIA,23,PV
BORGO SAN GIOVANNI,23,LO
CERRO AL LAMBRO,22,MI
MARMIROLO,22,MN
BESANO,22,VA
MAIRANO,22,BS
CORNO GIOVINE,22,LO
CUVIO,22,VA
CORTEOLONA E GENZONE,22,PV
POLPENAZZE DEL GARDA,22,BS
BREGNANO,22,CO
LURAGO D'ERBA,22,CO
INDUNO OLONA,22,VA
TRIBIANO,22,MI
NIARDO,22,BS
RANZANICO,22,BG
MONIGA DEL GARDA,22,BS
VEDANO OLONA,22,VA
CORTE PALASIO,22,LO
BOSISIO PARINI,22,LC
GRANDATE,22,CO
MELETI,22,LO
SENNA LODIGIANA,22,LO
CARUGO,22,CO
ORIO AL SERIO,22,BG
VERMEZZO CON ZELO,21,MI
MOTTA VISCONTI,21,MI
VIGANO',21,LC
SAN GERVASIO BRESCIANO,21,BS
SOLTO COLLINA,21,BG
SELLERO,21,BS
MONTANO LUCINO,21,CO
OGGIONA CON SANTO STEFANO,21,VA
PIEVE SAN GIACOMO,21,CR
ROGENO,21,LC
LINAROLO,21,PV
ROVELLO PORRO,21,CO
SOLBIATE OLONA,21,VA
PESCAROLO ED UNITI,21,CR
GABBIONETA BINANUOVA,21,CR
CEVO,21,BS
QUINTANO,21,CR
MONTANASO LOMBARDO,21,LO
PIANICO,20,BG
BARZANA,20,BG
SELVINO,20,BG
BERZO SAN FERMO,20,BG
OLMENETA,20,CR
SONGAVAZZO,20,BG
PAITONE,20,BS
BOVEGNO,20,BS
LEZZENO,20,CO
CABIATE,20,CO
ONO SAN PIETRO,20,BS
GANDOSSO,20,BG
GRONTARDO,20,CR
CEDEGOLO,20,BS
FORMIGARA,20,CR
CORTENUOVA,20,BG
CASTO,20,BS
POLAVENO,20,BS
INVERNO E MONTELEONE,20,PV
CASTIGLIONE OLONA,20,VA
MASATE,20,MI
GRAVELLONA LOMELLINA,20,PV
IMBERSAGO,20,LC
GREZZAGO,20,MI
MISINTO,20,MB
TROMELLO,20,PV
PARONA,20,PV
MARNATE,20,VA
MEDOLE,20,MN
GAZOLDO DEGLI IPPOLITI,20,MN
VENEGONO INFERIORE,20,VA
VENEGONO SUPERIORE,20,VA
ARENA PO,19,PV
POGNANO,19,BG
SONICO,19,BS
CANTELLO,19,VA
AIRUNO,19,LC
MEDOLAGO,19,BG
CAPRALBA,19,CR
CISLIANO,19,MI
ZIBIDO SAN GIACOMO,19,MI
VILLACHIARA,19,BS
UBOLDO,19,VA
RETORBIDO,19,PV
CASALE CREMASCO-VIDOLASCO,19,CR
CASSINA RIZZARDI,19,CO
CREDERA RUBBIANO,19,CR
SESTO CALENDE,19,VA
BIONE,19,BS
CASPOGGIO,18,SO
LUNGAVILLA,18,PV
NIBIONNO,18,LC
LOMELLO,18,PV
LOZIO,18,BS
SANTA GIULETTA,18,PV
TORRE DE' ROVERI,18,BG
SULZANO,18,BS
LONATE CEPPINO,18,VA
CAVERNAGO,18,BG
CERETE,18,BG
BELLINZAGO LOMBARDO,18,MI
ENTRATICO,18,BG
SCHILPARIO,18,BG
ROBECCHETTO CON INDUNO,18,MI
CALVATONE,18,CR
CASTELLUCCHIO,18,MN
PREMOLO,18,BG
CASALROMANO,18,MN
MONTAGNA IN VALTELLINA,18,SO
BORGARELLO,17,PV
RODANO,17,MI
VIONE,17,BS
CANDIA LOMELLINA,17,PV
NOVIGLIO,17,MI
DAIRAGO,17,MI
EUPILIO,17,CO
VALBRONA,17,CO
CRESPIATICA,17,LO
MENAGGIO,17,CO
BORDOLANO,17,CR
PUMENENGO,17,BG
ANNONE DI BRIANZA,17,LC
DELEBIO,17,SO
OLTRE IL COLLE,17,BG
CHIEVE,17,CR
CASTRO,17,BG
CUNARDO,17,VA
SAN GENESIO ED UNITI,17,PV
CAPIZZONE,17,BG
CICOGNOLO,17,CR
RIPALTA ARPINA,17,CR
MONTEBELLO DELLA BATTAGLIA,17,PV
LURATE CACCIVIO,17,CO
VILLA DI TIRANO,16,SO
CASTEL D'ARIO,16,MN
FIESSE,16,BS
CAMISANO,16,CR
BULCIAGO,16,LC
PONTE LAMBRO,16,CO
DOSSENA,16,BG
SULBIATE,16,MB
MOTTA BALUFFI,16,CR
GORLA MAGGIORE,16,VA
VALGREGHENTINO,16,LC
ABBADIA LARIANA,16,LC
CREMENO,16,LC
MONZAMBANO,16,MN
QUISTELLO,16,MN
GERENZAGO,16,PV
GARLATE,16,LC
PORTALBERA,16,PV
VILMINORE DI SCALVE,16,BG
ZINASCO,16,PV
MILZANO,16,BS
VERTEMATE CON MINOPRIO,16,CO
GODIASCO SALICE TERME,15,PV
BRENNA,15,CO
VALERA FRATTA,15,LO
IDRO,15,BS
ORIO LITTA,15,LO
CERVENO,15,BS
LONGONE AL SEGRINO,15,CO
OSSAGO LODIGIANO,15,LO
CITTIGLIO,15,VA
ONORE,15,BG
CASORATE SEMPIONE,15,VA
GAZZUOLO,15,MN
MONTE ISOLA,15,BS
MUSCOLINE,15,BS
CAIRATE,15,VA
BESNATE,15,VA
ARSAGO SEPRIO,15,VA
TORRE DE' BUSI,15,BG
VERNATE,15,MI
BIANZONE,15,SO
BEREGUARDO,15,PV
SOLZA,15,BG
CAVARIA CON PREMEZZO,15,VA
ADRARA SAN MARTINO,15,BG
BARZAGO,15,LC
TORRE DE' PICENARDI,15,CR
DOLZAGO,15,LC
CORTE DE' CORTESI CON CIGNONE,15,CR
SALVIROLA,15,CR
CREMOSANO,15,CR
BASTIDA PANCARANA,14,PV
ALBIZZATE,14,VA
CASALETTO CEREDANO,14,CR
PONTE NIZZA,14,PV
PIEVE FISSIRAGA,14,LO
BORNASCO,14,PV
CORNA IMAGNA,14,BG
CUCCIAGO,14,CO
MOTTEGGIANA,14,MN
TRESIVIO,14,SO
MONTE CREMASCO,14,CR
BUSCATE,14,MI
SARTIRANA LOMELLINA,14,PV
VALLIO TERME,14,BS
CUSAGO,14,MI
RONCOFERRARO,14,MN
CIVO,14,SO
VANZAGHELLO,14,MI
ZECCONE,14,PV
VISTARINO,14,PV
DERVIO,14,LC
CALVAGESE DELLA RIVIERA,14,BS
GALGAGNANO,14,LO
LAMBRUGO,14,CO
BOFFALORA D'ADDA,14,LO
GUANZATE,14,CO
SUMIRAGO,14,VA
ANTEGNATE,14,BG
AZZANELLO,14,CR
CERESARA,13,MN
JERAGO CON ORAGO,13,VA
ALBOSAGGIA,13,SO
STROZZA,13,BG
VIGANO SAN MARTINO,13,BG
SAN GIOVANNI DEL DOSSO,13,MN
CADEGLIANO-VICONAGO,13,VA
TORRAZZA COSTE,13,PV
OTTOBIANO,13,PV
OZZERO,13,MI
PRESEGLIE,13,BS
CROTTA D'ADDA,13,CR
COLLIO,13,BS
VALLE SALIMBENE,13,PV
CHIURO,13,SO
ROMAGNESE,13,PV
SPINEDA,13,CR
PERTICA BASSA,13,BS
SENNA COMASCO,13,CO
TRAVEDONA-MONATE,13,VA
COLVERDE,13,CO
ARZAGO D'ADDA,13,BG
COSTA SERINA,13,BG
LANZADA,13,SO
MEZZANINO,13,PV
CASATISMA,13,PV
FINO DEL MONTE,13,BG
VILLANOVA DEL SILLARO,13,LO
COMAZZO,13,LO
SANTA MARIA HOE',13,LC
PAGAZZANO,12,BG
TORRE PALLAVICINA,12,BG
ZONE,12,BS
CAINO,12,BS
CARPIANO,12,MI
BOFFALORA SOPRA TICINO,12,MI
MONTEVECCHIA,12,LC
SOIANO DEL LAGO,12,BS
RIVA DI SOLTO,12,BG
MORAZZONE,12,VA
CORNALE E BASTIDA,12,PV
SPINONE AL LAGO,12,BG
CHIESA IN VALMALENCO,12,SO
BRANDICO,12,BS
TERNATE,12,VA
GAZZADA SCHIANNO,12,VA
GARGNANO,12,BS
GERMIGNAGA,12,VA
MARZANO,12,PV
CASTANA,12,PV
VERRUA PO,12,PV
CARNAGO,12,VA
TERRANOVA DEI PASSERINI,12,LO
SAN SIRO,12,CO
CASSINETTA DI LUGAGNANO,12,MI
MONTU' BECCARIA,12,PV
UBIALE CLANEZZO,12,BG
VIGOLO,12,BG
LENNA,12,BG
BISUSCHIO,12,VA
PIEVE DEL CAIRO,12,PV
TRAONA,12,SO
ISPRA,12,VA
LAVENA PONTE TRESA,12,VA
BINAGO,12,CO
ALBAIRATE,12,MI
CREMELLA,11,LC
PESCATE,11,LC
TORRE D'ISOLA,11,PV
PIUBEGA,11,MN
SIRONE,11,LC
FALOPPIO,11,CO
CASTRONNO,11,VA
CARONNO VARESINO,11,VA
CASLINO D'ERBA,11,CO
CARLAZZO,11,CO
CARIMATE,11,CO
GANDELLINO,11,BG
GAVERINA TERME,11,BG
MOLTENO,11,LC
GRONE,11,BG
BREBBIA,11,VA
LONGHENA,11,BS
CAPPELLA CANTONE,11,CR
PIATEDA,11,SO
SANTA BRIGIDA,11,BG
GORDONA,11,SO
BORGO DI TERZO,11,BG
RICENGO,11,CR
MACLODIO,11,BS
ORSENIGO,11,CO
AZZATE,11,VA
RONCARO,11,PV
CASALETTO LODIGIANO,11,LO
OLMO AL BREMBO,11,BG
BASCAPE',10,PV
SAN GIACOMO DELLE SEGNATE,10,MN
UGGIATE-TREVANO,10,CO
VENIANO,10,CO
GARBAGNATE MONASTERO,10,LC
REDONDESCO,10,MN
MARUDO,10,LO
CARENNO,10,LC
TRIVOLZIO,10,PV
LOCATELLO,10,BG
BULGAROGRASSO,10,CO
BURAGO DI MOLGORA,10,MB
AICURZIO,10,MB
ONETA,10,BG
TORRICELLA DEL PIZZO,10,CR
GENIVOLTA,10,CR
CUVEGLIO,10,VA
SCANDOLARA RIPA D'OGLIO,10,CR
GARZENO,10,CO
LEGGIUNO,10,VA
CAMERATA CORNELLO,10,BG
BRACCA,10,BG
MUSSO,10,CO
VILLANOVA D'ARDENGHI,10,PV
TALEGGIO,10,BG
PASTURO,10,LC
CERANOVA,10,PV
POGGIRIDENTI,10,SO
PONTE IN VALTELLINA,10,SO
ALSERIO,10,CO
BIANZANO,9,BG
CASTELLO DI BRIANZA,9,LC
COPIANO,9,PV
COLLE BRIANZA,9,LC
CONFIENZA,9,PV
PORTO CERESIO,9,VA
BARGHE,9,BS
GEMONIO,9,VA
CASTIONE ANDEVENNO,9,SO
ZERBOLO',9,PV
LUZZANA,9,BG
MAGHERNO,9,PV
VERCEIA,9,SO
CASCIAGO,9,VA
FARA OLIVANA CON SOLA,9,BG
ROTA D'IMAGNA,9,BG
BRAONE,9,BS
PIURO,9,SO
SAMOLACO,9,SO
MONASTEROLO DEL CASTELLO,9,BG
BARZIO,9,LC
REDAVALLE,9,PV
CUGLIATE-FABIASCO,9,VA
MONTORFANO,9,CO
LIMIDO COMASCO,9,CO
CASTELLETTO DI BRANDUZZO,9,PV
LAGLIO,9,CO
SAVIORE DELL'ADAMELLO,9,BS
NOVEDRATE,9,CO
BRUNATE,9,CO
CORREZZANA,9,MB
CARBONARA AL TICINO,9,PV
MAGNACAVALLO,9,MN
DOMASO,9,CO
GRANDOLA ED UNITI,9,CO
GROSOTTO,8,SO
BOSSICO,8,BG
LOCATE VARESINO,8,CO
MORNAGO,8,VA
GOMBITO,8,CR
BORGO PRIOLO,8,PV
PORTO VALTRAVAGLIA,8,VA
MONTE MARENZO,8,LC
PROVAGLIO VAL SABBIA,8,BS
TREVISO BRESCIANO,8,BS
CASTELBELFORTE,8,MN
PIETRA DE' GIORGI,8,PV
FONTENO,8,BG
PASPARDO,8,BS
TAVERNOLE SUL MELLA,8,BS
PONTI SUL MINCIO,8,MN
COSTA VALLE IMAGNA,8,BG
SORICO,8,CO
VIADANICA,8,BG
CUASSO AL MONTE,8,VA
COLORINA,8,SO
BREME,8,PV
NOVATE MEZZOLA,8,SO
AVIATICO,8,BG
PRATA CAMPORTACCIO,8,SO
MURA,8,BS
PIANTEDO,8,SO
LUISAGO,8,CO
ALGUA,8,BG
CAMPARADA,8,MB
PIERANICA,8,CR
VALSOLDA,8,CO
SANTA MARIA DELLA VERSA,7,PV
PROSERPIO,7,CO
TOSCOLANO MADERNO,7,BS
CASALETTO DI SOPRA,7,CR
ELLO,7,LC
TORNO,7,CO
PIAZZATORRE,7,BG
APRICA,7,SO
GRANTOLA,7,VA
PRIMALUNA,7,LC
GORNATE-OLONA,7,VA
FENEGRO',7,CO
OLTRONA DI SAN MAMETTE,7,CO
BERNATE TICINO,7,MI
TICENGO,7,CR
ANGERA,7,VA
BUBBIANO,7,MI
BORGO SAN SIRO,7,PV
MASLIANICO,7,CO
CANNETO PAVESE,7,PV
SIRTORI,7,LC
LIERNA,7,LC
MONTICELLI PAVESE,7,PV
CIMBERGO,7,BS
CUMIGNANO SUL NAVIGLIO,6,CR
SUSTINENTE,6,MN
MONTESCANO,6,PV
GOLASECCA,6,VA
SOMMO,6,PV
BORGOCARBONARA,6,MN
VALGOGLIO,6,BG
SAN DAMIANO AL COLLE,6,PV
MESE,6,SO
LARDIRAGO,6,PV
MERLINO,6,LO
MOSCAZZANO,6,CR
RONCOLA,6,BG
ANZANO DEL PARCO,6,CO
DAVERIO,6,VA
MAIRAGO,6,LO
MEZZANA BIGLI,6,PV
OLIVETO LARIO,6,LC
CIRIMIDO,6,CO
PIANELLO DEL LARIO,6,CO
COSTA DE' NOBILI,6,PV
REA,6,PV
CERCINO,6,SO
BLEVIO,6,CO
FILIGHERA,6,PV
CASALE LITTA,6,VA
BAGNARIA,6,PV
MARCHIROLO,6,VA
FORCOLA,6,SO
CELLA DATI,6,CR
SANT'ALESSIO CON VIALONE,6,PV
SAN GIORGIO DI LOMELLINA,6,PV
VOLONGO,6,CR
CARATE URIO,6,CO
LURAGO MARINONE,6,CO
MONTEGRINO VALTRAVAGLIA,6,VA
BRIONE,6,BS
CASALZUIGNO,5,VA
BUGLIO IN MONTE,5,SO
FUSINE,5,SO
VILLA DI CHIAVENNA,5,SO
COLTURANO,5,MI
RONAGO,5,CO
VALNEGRA,5,BG
TIGNALE,5,BS
CAGLIO,5,CO
CASTELDIDONE,5,CR
SANGIANO,5,VA
SAN MARTINO DEL LAGO,5,CR
BERTONICO,5,LO
MALGESSO,5,VA
TAINO,5,VA
MESENZANA,5,VA
ABBADIA CERRETO,5,LO
BRANZI,5,BG
GERA LARIO,5,CO
BARBIANELLO,5,PV
LOSINE,5,BS
PIZZALE,5,PV
ESINO LARIO,5,LC
CAPPELLA DE' PICENARDI,5,CR
LASNIGO,5,CO
PALESTRO,5,PV
SALTRIO,5,VA
ERVE,5,LC
BARBATA,5,BG
CERGNAGO,5,PV
COMMESSAGGIO,5,MN
CORRIDO,5,CO
DUMENZA,5,VA
MARIANA MANTOVANA,5,MN
FAGGETO LARIO,5,CO
TORRE D'ARESE,5,PV
INARZO,5,VA
TORRE BERETTI E CASTELLARO,5,PV
SPESSA,5,PV
VILLIMPENTA,5,MN
VALVARRONE,5,LC
TORRE DE' NEGRI,5,PV
BEDULITA,4,BG
CORVINO SAN QUIRICO,4,PV
BUGUGGIATE,4,VA
BRISSAGO-VALTRAVAGLIA,4,VA
CAMPAGNOLA CREMASCA,4,CR
VERCANA,4,CO
ISOLA DI FONDRA,4,BG
BIANDRONNO,4,VA
VAL MASINO,4,SO
CASTELNOVETTO,4,PV
BARDELLO,4,VA
MONTALTO PAVESE,4,PV
PESSINA CREMONESE,4,CR
SOLBIATE ARNO,4,VA
ARGEGNO,4,CO
AZZONE,4,BG
BESATE,4,MI
SUARDI,4,PV
SANTA MARGHERITA DI STAFFORA,4,PV
CASTELLO CABIAGLIO,4,VA
MACCAGNO CON PINO E VEDDASCA,4,VA
MONTESEGALE,4,PV
CADREZZATE CON OSMATE,4,VA
PUSIANO,4,CO
CORTENOVA,4,LC
CUSIO,4,BG
ROBECCO PAVESE,4,PV
CAIOLO,4,SO
SAN NAZZARO VAL CAVARGNA,4,CO
MORIMONDO,4,MI
CASTELMARTE,4,CO
TREMOSINE,4,BS
BATTUDA,4,PV
COLONNO,4,CO
CEDRASCO,4,SO
CASTELLO DELL'ACQUA,4,SO
ORINO,4,VA
TORRICELLA VERZATE,4,PV
comuni con meno di 4 casi,322,
altro in fase di verifica,1990,